currency_pair,avg_daily_range,max_daily_range,min_daily_range
EUR/JPY,1.985000,2.100000,1.870000
USD/JPY,1.800000,2.170000,1.430000
GBP/USD,0.011600,0.012300,0.010900
EUR/USD,0.007950,0.008300,0.007600
USD/CAD,0.007650,0.007700,0.007600
AUD/USD,0.007500,0.010100,0.004900
